id,question,options,answer,notes,Tags,questionPre
220101001,下列各项中，不属于会计监督的内容是{{c1::}}。,财务收支的合理性审查<br>||不定期进行的财产清查<br>||会计核算的完整性审查<br>||经济业务的真实性审查<br>,2,参考解析：会计监督是对真实性、完整性、合法性和合理性进行审查。<br>,概述,
220101002,下列有关会计主体的表述中，不正确的是{{c1::}}。,会计主体是指会计所核算和监督的特定单位和组织<br>||会计主体界定了从事会计工作和提供会计信息的时间范围<br>||由若干具有法人资格的企业组成的企业集团也是会计主体<br>||会计主体界定了从事会计工作和提供会计信息的空间范围<br>,2,参考解析：会计主体界定了从事会计工作和提供会计信息的空间范围。<br>,概述,
220101003,下列各项中，体现谨慎性要求的是{{c1::}}。,对固定资产采用年限平均法计提折旧<br>||低估负债<br>||高估资产<br>||确认预计负债<br>,4,参考解析：谨慎性要求企业对交易或者事项进行会计确认、计量、记录和报告应当保持应有的谨慎，不应高估资产或者收益、低估负债或者费用。<br>,概述,
220101004,下列关于会计职能的表述不正确的是{{c1::}}。,核算是最基本的职能<br>||核算和监督都是基本职能<br>||没有核算提供的信息，监督就失去了依据<br>||监督属于会计的拓展职能<br>,4,参考解析：核算和监督是会计的基本职能。<br>,概述,
220101005,企业对已发生减值的固定资产计提减值准备，体现了{{c1::}}要求。,实质重于形式<br>||重要性<br>||谨慎性<br>||可比性<br>,3,参考解析：计提资产减值准备体现了谨慎性要求，但为调节利润计提减值准备属于滥用会计政策，不符合谨慎性要求。<br>,概述,
220101006,企业将租入的资产（短期租赁和低值资产租赁除外）视为企业的资产，在企业的资产负债表中予以确认，体现的是{{c1::}}要求。,谨慎性<br>||实质重于形式<br>||可比性<br>||重要性<br>,2,参考解析：<br>,概述,
220101007,下列对重要性的表述不正确的是{{c1::}}。,对于重要的会计事项，必须按照规定的会计方法和程序进行处理，并在财务报告中予以充分、准确地披露<br>||对于次要的会计事项，在不影响会计信息真实性和不至于误导财务报告使用者作出正确判断的前提下，可适当简化处理<br>||要求企业提供的会计信息应当反映与企业财务状况、经营成果和现金流量有关的所有重要交易或者事项<br>||在评价某些项目的重要性时，不应依赖于会计人员的职业判断<br>,4,参考解析：在评价某些项目的重要性时，应依赖于会计人员的职业判断。<br>,概述,
220101008,下列关于权责发生制的表述中，不正确的是{{c1::}}。,权责发生制是以收入和费用是否归属本期为标准来确认本期收入和费用的一种方法<br>||权责发生制要求，凡是不属于当期的收入和费用，即使款项已在当期收付，也不作为当期的收入和费用<br>||权责发生制要求，凡是当期已经实现的收入和已经发生或应当负担的费用，无论款项是否收付，都应当作当期的收入和费用<br>||权责发生制要求，应以实际收到或支付现金作为确认收入和费用的标准<br>,4,参考解析：选项D，属于收付实现制的要求。<br>,概述,
220101009,下列各项中，属于遵守客观公正会计职业道德的是{{c1::}}。,遵纪守法，一身正气<br>||坚持职业标准，严格自我约束<br>||忠于职守、尽心尽力、尽职尽责<br>||实事求是，不偏不倚<br>,4,参考解析：选项AB，属于遵守廉洁自律会计职业道德；选项C，属于遵守爱岗敬业会计职业道德。<br>,概述,
220101010,内部环境作为内部控制要素之首，是实施内部控制的{{c1::}}。,基础<br>||重要环节<br>||重要条件<br>||重要保证<br>,1,参考解析：<br>,概述,
220101011,财务报告使用者主要包括{{c1::}}。,投资者<br>||债权人<br>||政府及其有关部门<br>||社会公众<br>,1||2||3||4,参考解析：<br>,概述,
220101012,下列各项中，属于会计监督合理性审查内容的有{{c1::}}。,检查各项财务收支是否符合特定对象的财务收支计划<br>||检查各项财务收支是否符合内部控制制度要求<br>||检查各项财务收支是否执行了国家的各项方针政策<br>||检查各项财务收支是否有利于预算目标的实现<br>,1||2||4,参考解析：选项C，是否执行了国家的各项方针政策属于合法性审查。<br>,概述,
220101013,会计基础是指会计确认、计量、记录和报告的基础，包括{{c1::}}。,历史成本<br>||权责发生制<br>||重置成本<br>||收付实现制<br>,2||4,参考解析：选项AC，属于会计计量属性。<br>,概述,
220101014,下列各项中，属于企业会计信息质量要求的有{{c1::}}。,收付实现制<br>||可靠性<br>||及时性<br>||历史成本<br>,2||3,参考解析：会计信息质量要求是对企业财务报告中所提供会计信息质量的基本要求，是使财务报告中所提供会计信息对投资者等使用者决策有用应具备的基本特征，它主要包括可靠性、相关性、可理解性、可比性、实质重于形式、重要性、谨慎性和及时性等。选项A，属于会计基础；选项D，属于会计计量属性。<br>,概述,
220101015,下列关于企业会计信息质量要求中实质重于形式的表述，正确的有{{c1::}}。,应以实际发生的交易或事项为依据进行会计确认、计量、记录和报告<br>||应按照交易或事项的经济实质进行会计确认、计量、记录和报告<br>||不应仅以交易或者事项的法律形式为依据<br>||应仅以交易或者事项的法律形式为依据<br>,2||3,参考解析：选项A，属于可靠性的要求；选项D，实质重于形式要求企业应当按照交易或事项的经济实质进行会计确认、计量、记录和报告，不应仅以交易或者事项的法律形式为依据。<br>,概述,
220101016,下列各项中，体现了可理解性要求的有{{c1::}}。,企业提供的会计信息应当清晰明了<br>||企业提供的会计信息应当相互可比<br>||便于财务会计报告使用者理解和使用<br>||有助于信息的使用者进行经济决策<br>,1||3||4,参考解析：可理解性要求企业提供的会计信息应当清晰明了、简明扼要，数据记录和文字说明能一目了然地反映出经济活动的来龙去脉，便于财务会计报告使用者理解和使用。选项B，属于可比性要求。<br>,概述,
220101017,下列各项中，体现了可靠性要求的有{{c1::}}。,各类企业执行的会计政策应当统一，便于比较<br>||以实际发生的交易或者事项为依据进行确认、计量<br>||如实反映符合确认和计量要求的会计要素<br>||在财务报告中的会计信息应当是真实、完整的<br>,2||3||4,参考解析：选项A，体现可比性要求。<br>,概述,
220101018,下列各项中，关于及时性的表述正确的有{{c1::}}。,要求企业对于已发生的交易或事项应当及时进行确认、计量、记录和报告，可以提前<br>||要求企业及时处理会计信息<br>||要求企业及时收集会计信息<br>||要求企业及时地将编制的财务报告传递给财务报告使用者<br>,2||3||4,参考解析：选项A，及时性要求企业对于已发生的交易或者事项，应当及时进行确认、计量、记录和报告，不得提前或延后。<br>,概述,
220101019,根据权责发生制，企业发生下列业务后，不应计入本期费用的有{{c1::}}。,预付下季度报刊费6000元<br>||摊销本月负担的杂志费2000元<br>||本月发生房屋租金1000元，尚未支付<br>||支付上月水电费3200元<br>,1||4,参考解析：选项A，预付下季度的报刊费应在下季度各个月份分别确认费用；选项D，应在上月确认费用。<br>,概述,
220101020,下列各项关于会计职业道德的表述正确的有{{c1::}}。,具有很强的他律性<br>||侧重于调整会计人员外在行为的合法化<br>||其表现形式既有成文的规范，也有不成文的规范<br>||以行业行政管理规范和道德评价为标准<br>,3||4,参考解析：选项A，会计职业道德具有很强的自律性；选项B，会计职业道德不仅调整会计人员的外在行为，还调整会计人员内在的精神世界。<br>,概述,
220101021,下列属于会计职业道德的有{{c1::}}。,诚实守信<br>||提高技能<br>||参与管理<br>||强化服务<br>,1||2||3||4,参考解析：会计职业道德包括爱岗敬业、诚实守信、廉洁自律、客观公正、坚持准则、提高技能、参与管理、强化服务。<br>,概述,
220101022,下列各项中，属于联合惩戒措施的有{{c1::}}。,记入会计从业人员信用档案<br>||依法限制其担任国有企业法定代表人<br>||依法限制参与评先、评优或取得荣誉称号<br>||实行行业惩戒<br>,1||2||3||4,参考解析：<br>,概述,
220101023,相比收付实现制，权责发生制更有利于计算和考核经营成果。{{c1::}},对<br>||错<br>,1,参考解析：采用权责发生制核算制度，能够更加准确地反映特定期间真实的财务状况及经营成果。<br>,概述,
220101024,会计基本假设是企业会计确认、计量、记录和报告的前提，是对会计核算所处时间、空间环境等所作的合理假定。{{c1::}},对<br>||错<br>,1,参考解析：<br>,概述,
220101025,合理确定内部控制要素有利于具体实施内部控制制度。{{c1::}},对<br>||错<br>,1,参考解析：<br>,概述,
220102001,下列关于会计计量属性的说法中，正确的是{{c1::}}。,重置成本必须考虑货币时间价值<br>||可变现净值必须考虑货币时间价值<br>||历史成本无须考虑货币时间价值<br>||现值无须考虑货币时间价值<br>,3,参考解析：需要考虑货币时间价值的会计计量属性是现值。现值是指对未来现金流量以恰当的折现率进行折现后的价值，是考虑货币时间价值的一种计量属性。<br>,会计基础,
220102002,负债按照现在偿付该项债务所需支付的现金或现金等价物的金额计量的会计计量属性是{{c1::}}。,历史成本<br>||可变现净值<br>||现值<br>||重置成本<br>,4,参考解析：<br>,会计基础,
220102003,下列交易或事项中，属于企业日常活动的是{{c1::}}。,出售机器设备<br>||出租闲置设备<br>||对外捐赠<br>||出售无形资产<br>,2,参考解析：选项B，出租闲置设备属于企业除主营业务活动以外的其他业务活动，是企业的日常活动。选项ACD，均为非日常活动。<br>,会计基础,
220102004,下列各项中，不属于反映企业财务状况的会计要素是{{c1::}}。,资产<br>||负债<br>||所有者权益<br>||利润<br>,4,参考解析：反映财务状况的会计要素包括资产、负债和所有者权益。选项D，属于反映经营成果的会计要素。<br>,会计基础,
220102005,下列关于所有者权益的表述中，正确的是{{c1::}}。,所有者权益是指企业投资者投入的资本，即实收资本<br>||所有者权益由实收资本和资本公积构成<br>||所有者权益是指企业资产扣除负债后由所有者享有的剩余权益<br>||所有者权益中的留存收益由资本公积和未分配利润构成<br>,3,参考解析：所有者权益是指企业资产扣除负债后由所有者享有的剩余权益，所有者权益包括所有者投入的资本、其他综合收益、留存收益等。其中，留存收益包括盈余公积和未分配利润。<br>,会计基础,
220102006,下列有关“资产＝负债＋所有者权益”等式的表述不正确的是{{c1::}}。,该等式是编制资产负债表的依据<br>||该等式也称为静态会计等式<br>||该等式反映了资产、负债、所有者权益三要素之间的内在联系和数量关系<br>||该等式表明了某一时点的经营成果<br>,4,参考解析：“资产＝负债＋所有者权益”这一等式反映了资产、负债和所有者权益三要素之间的内在联系和数量关系，表明了企业某一时点的财务状况，因此上述等式也称为静态会计等式。<br>,会计基础,
220102007,下列各项中，导致企业资产与负债同时减少的是{{c1::}}。,接受投资者投入机器设备<br>||以银行存款购买原材料<br>||从银行提取现金<br>||以银行存款偿还银行借款<br>,4,参考解析：选项A，使得资产和所有者权益同时增加；选项B，使得资产内部一增一减；选项C，使得资产内部一增一减；选项D，使得资产和负债同时减少。<br>,会计基础,
220102008,下列各项中，按会计科目反映的经济内容分类，属于成本类科目的是{{c1::}}。,长期待摊费用<br>||主营业务成本<br>||其他业务成本<br>||劳务成本<br>,4,参考解析：选项A，属于资产类科目；选项BC，属于损益类科目。<br>,会计基础,
220102009,下列选项中，与“坏账准备”具有相同账户结构的是{{c1::}}。,固定资产<br>||无形资产<br>||累计摊销<br>||应收账款<br>,3,参考解析：“坏账准备”是应收账款的备抵账户，“累计摊销”是“无形资产”的备抵账户，借方登记减少额，贷方登记增加额，期末余额一般在贷方。选项ABD，均属于企业的资产，借方登记增加额，贷方登记减少额，期末余额一般在借方。<br>,会计基础,
220102010,下列属于损益类会计科目的是{{c1::}}。,生产成本<br>||制造费用<br>||主营业务收入<br>||劳务成本<br>,3,参考解析：选项ABD，均属于成本类会计科目。<br>,会计基础,
220102011,下列关于借贷记账法的表述中，错误的是{{c1::}}。,借贷记账法的记账规则是“有借必有贷，借贷必相等”<br>||借贷记账法以“借”和“贷”作为记账符号<br>||借贷记账法下，“借”表示增加，“贷”表示减少<br>||借贷记账法是我国法定的记账方法<br>,3,参考解析：借贷记账法下，“借”和“贷”仅作为记账符号，至于“借”表示增加，还是“贷”表示增加，取决于账户的性质与所记录经济内容的性质。通常而言，资产、成本和费用类账户的增加用“借”表示，减少用“贷”表示；负债、所有者权益和收入类账户的增加用“贷”表示，减少用“借”表示。<br>,会计基础,
220102012,借贷记账法下，余额试算平衡的直接依据是{{c1::}}。,资金运动规律<br>||财务状况等式<br>||账户结构<br>||有借必有贷，借贷必相等<br>,2,参考解析：试算平衡是以财务状况等式和借贷记账规则为理论依据的，其中发生额试算平衡的直接依据是记账规则（即“有借必有贷，借贷必相等”），余额试算平衡的直接依据是财务状况等式。<br>,会计基础,
220102013,下列各项业务中，应编制付款凭证的是{{c1::}}。,收回前欠货款30000元<br>||购入材料10000元，货款未付<br>||以银行存款归还前欠货款50000元<br>||接受投资者投入资金280000元<br>,3,参考解析：选项AD，应编制收款凭证；选项B，应编制转账凭证。<br>,会计基础,
220102014,下列各项中，属于企业累计原始凭证的是{{c1::}}。,增值税专用发票<br>||出差报销的火车票<br>||银行结算凭证<br>||限额领料单<br>,4,参考解析：累计凭证，是指多次记录同类型的经济业务且多次有效的原始凭证，如限额领料单。选项ABC，属于一次原始凭证。<br>,会计基础,
220102015,直接根据记账凭证逐笔登记总分类账的账务处理程序是{{c1::}}。,记账凭证账务处理程序<br>||汇总记账凭证账务处理程序<br>||科目汇总表账务处理程序<br>||日记账账务处理程序<br>,1,参考解析：直接根据记账凭证逐笔登记总分类账的账务处理程序是记账凭证账务处理程序。<br>,会计基础,
220102016,下列选项中，属于科目汇总表账务处理程序缺点的是{{c1::}}。,不便于理解<br>||增加了登记总分类账的工作量<br>||不便于检查核对账目<br>||不便于进行试算平衡<br>,3,参考解析：科目汇总表账务处理程序的缺点是科目汇总表不能反映各个账户之间的对应关系，不利于对账目进行检查。科目汇总报表账务处理程序的优点是减轻了登记总分类账的工作量，并且科目汇总表可以起到试算平衡的作用。<br>,会计基础,
220102017,下列说法中，属于订本式账簿优点的是{{c1::}}。,可以防止抽换账页<br>||便于记账分工<br>||可以根据需要随时增添账页<br>||账页可多可少，不会造成浪费<br>,1,参考解析：订本式账簿能避免账页散失和防止抽换账页，但是不能准确为各账户预留账页，预留太多造成浪费，预留太少影响登记。订本式账簿在同一时间只能由一人登记，这样不利于记账人员分工记账。<br>,会计基础,
220102018,在填制会计凭证时，￥2353.62元的大写金额数字为{{c1::}}。,人民币贰仟叁佰伍拾叁元陆角贰分<br>||人民币（空格）贰仟叁佰伍拾叁元陆角贰分<br>||人民币贰仟叁佰伍拾叁元陆角贰分整<br>||人民币贰仟叁佰伍拾叁元陆角贰分正<br>,1,参考解析：人民币与大写金额之间不得留空，因此选项B错误；大写金额有分的，不写“整”或“正”字，因此选项CD错误。<br>,会计基础,
220102019,下列各项中，对于金额有错误的原始凭证处理方法正确的是{{c1::}}。,由出具单位在凭证上更正并加盖出具单位公章<br>||由出具单位在凭证上更正并由经办人员签名<br>||由出具单位在凭证上更正并由单位负责人签名<br>||由出具单位重新开具<br>,4,参考解析：原始凭证金额有错误的，应当由出具单位重开，不得在原始凭证上更正。<br>,会计基础,
220102020,出纳人员发生变动时，对其保管的库存现金进行的清查属于{{c1::}}。,全面定期清查<br>||局部不定期清查<br>||全面不定期清查<br>||局部定期清查<br>,2,参考解析：在单位更换出纳和财产物资保管人员时，需要进行不定期清查；同时，对保管的库存现金进行清查属于局部清查。<br>,会计基础,
220102021,下列各项中，应采用技术推算法进行清查的是{{c1::}}。,露天堆放的煤炭<br>||银行存款<br>||固定资产<br>||应收账款<br>,1,参考解析：选项B，应采用与银行对账单核对的方式进行清查；选项C，应采用实地盘点的方法进行清查；选项D，应采用发函询证的方法进行清查。<br>,会计基础,
220102022,某公司2020年9月30日银行存款日记账的余额为150万元，经逐笔核对，发现未达账项如下：银行已收，企业未收的5万元；银行已付，企业未付的2万元。企业银行存款的实有数为{{c1::}}万元。,150<br>||153<br>||155<br>||157<br>,2,参考解析：企业银行存款的实有数＝银行存款日记账的余额＋银行已收企业未收的金额－银行已付企业未付的金额＝150＋5－2＝153（万元）。<br>,会计基础,
220102023,下列各项中，适合采用数量金额式账簿的是{{c1::}}。,库存商品明细账<br>||短期借款明细账<br>||银行存款日记账<br>||制造费用明细账<br>,1,参考解析：选项BC，一般采用三栏式账簿；选项D，一般采用多栏式账簿。<br>,会计基础,
220102024,2021年3月15日，某企业财务人员发现当月初登记入账的一笔交易出现记账错误，该笔交易的记账凭证和账簿记录中应借、应贷会计科目及记账方向无误，但所记金额小于应记账金额，可以采用的错账更正方法是{{c1::}}。,补充登记法<br>||红字更正法<br>||试算平衡法<br>||划线更正法<br>,1,参考解析：记账后发现记账凭证中会计科目无误，所记金额小于应记金额，导致账簿记录错误的，应采用补充登记法。<br>,会计基础,
220102025,下列各项中，属于外来原始凭证的是{{c1::}}。,支付运输费收到的增值税专用发票<br>||限额领料单<br>||发料凭证汇总表<br>||员工差旅费报销单<br>,1,参考解析：选项BCD，都属于自制原始凭证。<br>,会计基础,
220102026,某企业生产产品单价为10元/件，单位变动成本为6元/件，每年固定成本为40000元，每年生产12000件。则每年的营业利润为{{c1::}}元。,8000<br>||48000<br>||80000<br>||40000<br>,1,参考解析：营业利润＝（10－6）×12000－40000＝8000（元）。<br>,会计基础,
220102027,下列各项中，一般不属于成本项目的是{{c1::}}。,直接材料<br>||折旧费<br>||制造费用<br>||直接人工<br>,2,参考解析：对于制造企业，一般可设置“直接材料”“燃料及动力”“直接人工”和“制造费用”等成本项目。<br>,会计基础,
220102028,下列各项中，关于分批法的表述不正确的是{{c1::}}。,产品成本计算期与产品生产周期基本一致<br>||月末一般无需进行在产品与完工产品之间的费用分配<br>||适用于精密仪器制造<br>||产品成本计算期与财务报告期基本一致<br>,4,参考解析：选项D，分批法下，产品成本计算期与产品生产周期基本一致，但与财务报告期不一致。<br>,会计基础,
220102029,某项经济业务的发生没有增加负债，也没有减少负债，则可能导致的结果有{{c1::}}。,资产和所有者权益同时增加<br>||资产和所有者权益同时减少<br>||资产和所有者权益一增一减<br>||资产内部一增一减<br>,1||2||4,参考解析：根据“资产＝负债＋所有者权益”会计等式的恒等关系，选项C，破坏了等式的平衡关系。<br>,会计基础,
220102030,下列关于会计等式“收入－费用＝利润”的表述中，正确的有{{c1::}}。,该等式为反映企业经营成果的动态会计等式<br>||该等式表明了企业在一定会计期间经营成果与相应的收入和费用之间的关系<br>||该等式为反映企业财务状况的动态会计等式<br>||该等式反映的是企业资金的绝对运动形式，故也称为静态会计等式<br>,1||2,参考解析：“收入－费用＝利润”是反映企业经营成果的动态会计等式。<br>,会计基础,
220102031,下列各项中，企业应确认为负债的有{{c1::}}。,向银行借入的款项<br>||因购买材料应付未付的款项<br>||为销售商品而预收的定金<br>||因销售商品而应收的款项<br>,1||2||3,参考解析：选项D，因销售商品而应收的款项应确认为应收账款，属于资产。<br>,会计基础,
220102032,下列各项中，关于会计计量属性的表述正确的有{{c1::}}。,盘盈的固定资产应按重置成本确定其入账价值<br>||期末存货应当按照成本与可变现净值孰低进行计量<br>||交易性金融资产应按照公允价值计量<br>||对会计要素计量时，一般采用历史成本计量属性<br>,1||2||3||4,参考解析：<br>,会计基础,
220102033,原始凭证按填制手续及内容不同分为{{c1::}}。,一次凭证<br>||累计凭证<br>||汇总凭证<br>||外来凭证<br>,1||2||3,参考解析：选项D，外来原始凭证属于按照取得来源进行的分类。<br>,会计基础,
220102034,运用借贷记账法编制会计分录时，可以编制{{c1::}}。,一借一贷的分录<br>||多借多贷的分录<br>||多借一贷的分录<br>||一借多贷的分录<br>,1||2||3||4,参考解析：<br>,会计基础,
220102035,在借贷记账法下，下列各项中期末一般有借方余额的会计账户有{{c1::}}。,成本类账户<br>||负债类账户<br>||损益类账户<br>||资产类账户<br>,1||4,参考解析：选项B，负债类账户期末一般有贷方余额；选项C，损益类账户期末无余额。<br>,会计基础,
220102036,下列关于记账凭证的表述中，正确的有{{c1::}}。,按反映的经济内容可分为收款凭证、付款凭证和转账凭证<br>||转账凭证是用于记录不涉及库存现金和银行存款业务的记账凭证<br>||付款凭证是用于记录库存现金和银行存款付款业务的记账凭证<br>||收款凭证是用于记录库存现金和银行存款收款业务的记账凭证<br>,1||2||3||4,参考解析：<br>,会计基础,
220102037,在原始凭证上书写小写金额时，下列各项中，正确的有{{c1::}}。,有角无分的，分位不得用“-”代替<br>||无角无分的，角位和分位写“00”或者符号“-”<br>||有角无分的，分位应当写“0”<br>||人民币符号“￥”与阿拉伯数字之间不得留有空白<br>,1||2||3||4,参考解析：<br>,会计基础,
220102038,下列各项中，不属于企业外来原始凭证的有{{c1::}}。,内部使用的借款单<br>||领料单<br>||产品入库单<br>||职工出差报销的飞机票<br>,1||2||3,参考解析：选项ABC，属于企业自制原始凭证。<br>,会计基础,
220102039,下列各项中，会计账簿按用途不同可分为{{c1::}}。,分类账簿<br>||序时账簿<br>||备查账簿<br>||数量金额式账簿<br>,1||2||3,参考解析：会计账簿按用途不同可以分为序时账簿、分类账簿和备查账簿。按账页格式可以分为三栏式账簿、多栏式账簿和数量金额式账簿。<br>,会计基础,
220102040,红字更正法通常适用的情况有{{c1::}}。,记账后发现会计科目无误而所记金额大于应记金额<br>||记账后在当年内发现记账凭证所记的会计科目错误<br>||发现上一年度的记账凭证所记的会计科目错误<br>||记账后发现会计科目无误而所记金额小于应记金额<br>,1||2,参考解析：选项C，应用蓝字填写一张更正的记账凭证；选项D，应采用补充登记法。<br>,会计基础,
220102041,以下关于定期清查和不定期清查表述正确的有{{c1::}}。,定期清查可以是全面清查也可以是局部清查<br>||不定期清查可以是全面清查也可以是局部清查<br>||定期清查目的在于查明情况，分清责任<br>||不定期清查的目的在于保证会计核算资料的真实正确<br>,1||2,参考解析：选项C，定期清查目的在于保证会计核算资料的真实正确；选项D，不定期清查的目的在于查明情况，分清责任。<br>,会计基础,
220102042,下列各项中，属于原始凭证的有{{c1::}}。,盘存单<br>||库存现金盘点报告表<br>||银行对账单<br>||银行存款余额调节表<br>,1||2,参考解析：选项CD，均不属于原始凭证。<br>,会计基础,
220102043,下列对账工作中，属于账账核对的有{{c1::}}。,银行存款日记账与银行对账单的核对<br>||总账账户与所属明细账户的核对<br>||应收款项明细账与债务人账项的核对<br>||会计部门的财产物资明细账与财产物资保管、使用部门明细账的核对<br>,2||4,参考解析：选项AC，属于账实核对。<br>,会计基础,
220102044,下列关于财产清查方法的表述，正确的有{{c1::}}。,银行存款的清查采用和银行对账单核对的方法<br>||应收账款的清查采用发函询证的方法<br>||库存现金的清查采用实地盘点法<br>||成堆、量大且价值不高，逐一清点的工作量和难度较大的实物资产应采用技术推算法<br>,1||2||3||4,参考解析：银行存款的清查是将企业银行存款日记账与开户银行的对账单进行核对，选项A正确；往来款项的清查一般采用发函询证的方法，选项B正确；库存现金的清查是采用实地盘点法确定库存现金的实存数，与库存现金日记账的账面余额相核对，选项C正确；技术推算法只适用于成堆量大而价值不高，逐一清点的工作量和难度较大的财产物资的清查。例如，露天堆放的煤炭等，选项D正确。<br>,会计基础,
220102045,总账与明细账平行登记的要点包括{{c1::}}。,记账人员相同<br>||会计期间相同<br>||记账方向相同<br>||金额相同<br>,2||3||4,参考解析：总账与明细账平行登记的要点包括：方向相同、期间一致、金额相等。<br>,会计基础,
220102046,下列各项中，关于财产清查的相关表述正确的有{{c1::}}。,往来款项清查一般采用发函询证的方法<br>||库存现金清查采用实地盘点法<br>||银行存款清查采用与开户行核对账目的方法<br>||实物资产清查只能采用实地盘点法<br>,1||2||3,参考解析：选项D，实物资产的清查方法主要有实地盘点法和技术推算法，并不是所有的实物资产都能用实地盘点法进行清查。<br>,会计基础,
220102047,下列会计科目中，属于负债类科目的有{{c1::}}。,长期借款<br>||应交税费<br>||累计折旧<br>||应付利息<br>,1||2||4,参考解析：选项C，“累计折旧”是固定资产的备抵科目，属于资产类科目。<br>,会计基础,
220102048,下列有关账户和会计科目关系的表述正确的有{{c1::}}。,两者核算内容一致，性质相同<br>||会计科目是设置账户的依据<br>||账户具有一定的格式结构，而会计科目没有<br>||没有账户，会计科目就无法发挥作用<br>,1||2||3||4,参考解析：会计科目与账户两者核算内容一致，性质相同；会计科目是账户的名称，也是设置账户的依据；会计科目的性质决定了账户的性质，会计科目的分类决定了账户的分类。没有会计科目，账户便失去了设置的依据；没有账户，会计科目就无法发挥作用。会计科目仅仅是账户的名称，不存在结构，而账户则具有一定的格式和结构。<br>,会计基础,
220102049,通过试算平衡，可以检查出的错误有{{c1::}}。,漏登或重登了借方金额或贷方金额<br>||登错了借方金额或贷方金额<br>||将借方金额登到了贷方<br>||漏登或重登了一笔业务<br>,1||2||3,参考解析：选项D，漏登或重登某项经济业务不会影响借贷双方的平衡关系，所以不能通过试算平衡检查出该类错误。<br>,会计基础,
220102050,记账后发现记账凭证中应借、应贷会计科目正确，只是金额发生错误，可能采用的错账更正方法有{{c1::}}。,划线更正法<br>||横线登记法<br>||红字更正法<br>||补充登记法<br>,3||4,参考解析：记账后如果记账凭证中应借、应贷会计科目正确，如果所记金额大于应记金额，采用红字更正法；如果所记金额小于应记金额，采用补充登记法。<br>,会计基础,
220102051,下列各项中，属于单位应用管理会计时采用的工具方法有{{c1::}}。,战略地图<br>||平衡计分卡<br>||作业成本法<br>||滚动预算<br>,1||2||3||4,参考解析：管理会计工具方法包括战略地图、滚动预算、作业成本法、本量利分析、平衡计分卡等。<br>,会计基础,
220102052,下列有关管理会计指引体系的表述，正确的有{{c1::}}。,基本指引在指引体系中起统领作用，是制定应用指引和建设案例库的基础<br>||基本指引既对管理会计普遍规律和基本认识进行总结升华，也对应用指引中未做出描述的新问题提供处理依据<br>||应用指引居于主体地位，是对单位管理会计工作的具体指导<br>||建立管理会计案例库，是管理会计体系建设区别于企业会计准则体系建设的一大特色<br>,,,,
220102053,下列有关管理会计指引体系的表述，正确的有{{c1::}}。,多项选择题<br>52/ 69<br>||基本指引在指引体系中起统领作用，是制定应用指引和建设案例库的基础<br>||基本指引既对管理会计普遍规律和基本认识进行总结升华，也对应用指引中未做出描述的新问题提供处理依据<br>||应用指引居于主体地位，是对单位管理会计工作的具体指导<br>||建立管理会计案例库，是管理会计体系建设区别于企业会计准则体系建设的一大特色<br>,1||3||4,"参考解析：选项B,基本指引并未对应用指引中未做出描述的新问题提供处理依据。<br>",会计基础,
220102054,下列各项中，适宜采用分批法计算产品成本的有{{c1::}}。,造船<br>||冶金<br>||采掘<br>||新产品试制<br>,1||4,参考解析：选项B，适宜采用分步法；选项C，适宜采用品种法。<br>,会计基础,
220102055,下列各项中，关于品种法的表述正确的有{{c1::}}。,成本核算对象是产品品种<br>||成本计算期与产品生产周期基本一致<br>||单步骤大量生产的企业适宜采用品种法核算产品成本<br>||期末在产品数量较多时，要将生产成本在完工产品和在产品之间进行分配<br>,1||3||4,参考解析：选项B，属于分批法的特点。<br>,会计基础,
220102056,下列关于政府会计核算说法正确的有{{c1::}}。,预算会计反映和监督预算收支执行情况<br>||政府会计主体应当编制决算报告和财务报告<br>||政府财务会计要素包括资产、负债、所有者权益、收入、费用和利润<br>||政府决算报告的编制主要以收付实现制为基础<br>,1||2||4,参考解析：选项C，政府财务会计要素包括资产、负债、净资产、收入和费用。<br>,会计基础,
220102057,下列各项中，属于政府会计要素负债计量属性的有{{c1::}}。,现值<br>||公允价值<br>||名义金额<br>||历史成本<br>,1||2||4,参考解析：选项C，属于政府会计资产的计量属性。<br>,会计基础,
220102058,企业接受的捐赠应计入当期的收入。{{c1::}},对<br>||错<br>,2,参考解析：企业接受的捐赠属于非日常活动中形成的，应计入营业外收入，属于利得。<br>,会计基础,
220102059,我国《企业会计准则》将会计要素划分为资产、负债、所有者权益、成本和利润五大类。{{c1::}},对<br>||错<br>,2,参考解析：我国《企业会计准则》将会计要素划分为资产、负债、所有者权益、收入、费用和利润六大类。<br>,会计基础,
220102060,为了全面、序时、连续、系统地反映和监督会计要素的增减变动，必须设置账户。{{c1::}},对<br>||错<br>,1,参考解析：<br>,会计基础,
220102061,发现以前年度记账凭证是错误的，应当用红字填制一张更正的记账凭证。{{c1::}},对<br>||错<br>,2,参考解析：<br>,会计基础,
220102062,汇总记账凭证账务处理程序既能保持账户的对应关系，又能减轻登记总分类账的工作量。{{c1::}},对<br>||错<br>,1,参考解析：<br>,会计基础,
220102063,所有的记账凭证都必须附有原始凭证，否则，不能作为记账的依据。{{c1::}},对<br>||错<br>,2,参考解析：结账和更正错账的记账凭证可以不附原始凭证。<br>,会计基础,
220102064,在登记各种账簿时，可以根据需要隔页、跳行。{{c1::}},对<br>||错<br>,2,参考解析：会计账簿应当按照连续编号的页码顺序登记，不得隔页、跳行。<br>,会计基础,
220102065,在结账前，企业会计人员发现账簿记录有文字错误，而记账凭证没有错误，应当采用划线更正法进行更正。{{c1::}},对<br>||错<br>,1,参考解析：在结账前发现账簿记录有文字或数字错误，而记账凭证没有错误，应当采用划线更正法。<br>,会计基础,
220102066,经济业务的发生，可能引起资产与权益总额发生变化，但是不会破坏基本会计等式的平衡关系。{{c1::}},对<br>||错<br>,1,参考解析：<br>,会计基础,
220102067,账户的结构分为左右两方，其中左方表示增加，右方表示减少。{{c1::}},对<br>||错<br>,2,参考解析：账户的哪方表示增加，哪方表示减少，要根据所记录的经济业务和账户的性质来确定。<br>,会计基础,
220102068,库存现金日记账是由出纳人员根据审核无误的现金收、付款凭证和转账凭证按照经济业务的发生顺序，逐日、逐笔序时登记。{{c1::}},对<br>||错<br>,2,参考解析：转账凭证不是库存现金日记账的登记依据。<br>,会计基础,
220102069,管理会计报告是管理会计活动成果的重要表现形式。{{c1::}},对<br>||错<br>,1,参考解析：<br>,会计基础,
220103001,企业现金清查中，经检查仍无法查明原因的现金溢余，经批准后应记入的科目是{{c1::}}。,其他业务收入<br>||营业外收入<br>||管理费用<br>||营业外支出<br>,2,参考解析：企业现金清查中，对于无法查明原因的现金溢余，计入营业外收入。<br>,流动资产,
220103002,下列各项中，企业不通过“其他货币资金”科目核算的是{{c1::}}。,用银行本票支付采购办公用品的款项<br>||存入证券公司指定账户的款项<br>||销售商品收到的商业汇票<br>||存入银行信用证保证金专户的款项<br>,3,参考解析：选项C，销售商品收到的商业汇票应通过“应收票据”核算。<br>,流动资产,
220103003,下列各项中，应记入“应收票据”科目借方的是{{c1::}}。,提供服务收到的银行承兑汇票<br>||提供服务收到的银行本票<br>||销售商品收到的银行汇票<br>||销售原材料收到的转账支票<br>,1,参考解析：选项BCD，应记入“银行存款”科目的借方。<br>,流动资产,
220103004,下列各项中，属于“其他应收款”科目核算内容的是{{c1::}}。,为职工垫付的房租<br>||为购货单位垫付的运费<br>||应收的销售材料款<br>||债券投资应收的利息<br>,1,参考解析：选项BC，通过“应收账款”科目核算；选项D，通过“应收利息”科目核算。<br>,流动资产,
220103005,2020年12月1日，某企业“坏账准备——应收账款”科目贷方余额为2万元。12月25日，收回已作坏账转销的应收账款3万元；12月31日，应收账款余额为300万元，经减值测试，应收账款的预计未来现金流量现值为260万元。不考虑其他因素，12月31日该企业应计提的坏账准备金额为{{c1::}}万元。,35<br>||40<br>||45<br>||37<br>,1,参考解析：12月25日收回已作坏账转销的应收账款：<br>借：应收账款3<br>贷：坏账准备3<br>借：银行存款3<br>贷：应收账款3<br>12月31日，应收账款发生减值，坏账准备应有余额＝300－260＝40（万元）。<br>12月31日，应计提的坏账准备＝40－2－3＝35（万元）。<br>,流动资产,
220103006,2019年12月初，某企业“应收账款”科目借方余额为600万元，相应的“坏账准备”科目贷方余额为40万元，本月实际发生坏账损失12万元。2019年12月31日该企业应补提坏账准备22万元。不考虑其他因素，该企业2019年12月31日“坏账准备”的期末余额为{{c1::}}万元。,50<br>||22<br>||62<br>||40<br>,1,参考解析：期末，坏账准备的应有余额＝40－12＋22＝50（万元）。<br>,流动资产,
220103007,下列各项中，应记入“坏账准备”科目借方的是{{c1::}}。,企业实际发生坏账<br>||收回过去已确认并转销的坏账<br>||期末“坏账准备”的应有余额大于计提前坏账准备的已有余额<br>||企业对当期增加的某项应收账款计提坏账准备<br>,1,参考解析：选项BCD，均记入“坏账准备”科目的贷方。<br>选项A，<br>借：坏账准备<br>贷：应收账款<br>选项B，<br>借：应收账款<br>贷：坏账准备<br>借：银行存款<br>贷：应收账款<br>选项C，<br>借：信用减值损失<br>贷：坏账准备<br>选项D，<br>借：信用减值损失<br>贷：坏账准备<br>,流动资产,
220103008,2017年某小企业向甲公司销售一批产品，货款合计50000元，因甲公司财务状况原因导致长期未能收回。2022年经过催收，甲公司支付了12000元，剩余款项确实无法收回确认为坏账。不考虑其他因素，该小企业2022年应确认坏账损失的金额为{{c1::}}元。,12000<br>||50000<br>||38000<br>||0<br>,3,参考解析：应确认坏账损失的金额＝50000－12000＝38000（元），会计分录为：<br>借：银行存款12000<br>营业外支出——坏账损失38000<br>贷：应收账款50000<br>,流动资产,
220103009,甲公司为增值税一般纳税人，购入乙上市公司股票，共支付价款400万元（其中包含已宣告但尚未发放的现金股利12万元），另支付相关交易费用1万元、增值税0.06万元，已取得增值税专用发票，全部款项已经支付。购入股票通过“交易性金融资产”科目核算。不考虑其他因素，下列各项中，该交易性金融资产的入账金额为{{c1::}}万元。,400<br>||401.06<br>||388<br>||389<br>,3,参考解析：交易性金融资产的入账金额＝400－12＝388（万元）。 会计分录为：<br>借：交易性金融资产——成本388<br>应收股利12<br>投资收益1<br>应交税费——应交增值税（进项税额）0.06<br>贷：其他货币资金401.06<br>,流动资产,
220103010,2019年3月1日，甲公司从二级市场购入乙公司发行的股票100万股并划分为交易性金融资产，每股价格10元，另支付交易费用1万元。乙公司于3月5日宣告按每股0.1元的比例分配现金股利，甲公司于3月10日收到现金股利10万元。3月20日，甲公司以每股11元的价格将股票全部出售，另支付交易费用1万元。2019年3月甲公司应确认的投资收益为{{c1::}}万元。,110<br>||109<br>||108<br>||98<br>,3,参考解析：2019年3月甲公司应确认的投资收益＝－1＋10＋（11×100－1－10×100）＝108（万元）。<br>,流动资产,
220103011,关于交易性金融资产的计量，下列说法中正确的是{{c1::}}。,取得交易性金融资产时，要按取得的公允价值和相关交易费用之和作为初始确认金额<br>||应当按取得该金融资产的公允价值作为初始确认金额，相关交易费用发生时计入投资收益<br>||资产负债表日，交易性金融资产的公允价值变动计入当期所有者权益<br>||处置交易性金融资产时，出售价款与初始确认金额之间的差额应确认为投资收益<br>,2,参考解析：选项A，对于交易性金融资产，应当按照取得时的公允价值作为初始确认金额，相关的交易费用在发生时计入投资收益；选项C，资产负债表日，企业应将交易性金融资产的公允价值变动计入公允价值变动损益；选项D，处置交易性金融资产时，出售价款与账面价值之间的差额应确认为投资收益。<br>,流动资产,
220103012,2019年3月2日，甲公司以银行存款购入A上市公司股票100万股，每股8元，另发生交易费用2万元，并将该股票划分为交易性金融资产。3月31日，该股票在证券交易所的收盘价为每股7.7元。4月30日，该股票在证券交易所的收盘价为每股8.1元。5月10日，甲公司将所持有的该股票全部出售，所得价款825万元。则该交易性金融资产对甲公司2019年度的利润影响金额为{{c1::}}万元。,15<br>||25<br>||23<br>||13<br>,3,参考解析：购入时，支付的交易费用计入投资收益的借方金额为2万元；3月31日公允价值变动计入公允价值变动损益的借方，金额为30万元（770－800）；4月30日公允价值变动计入公允价值变动损益的贷方，金额为40万元（810－770）；处置时计入投资收益贷方的金额为15万元（825－810）；所以对利润影响的金额＝－2－30＋40＋15＝23（万元）。<br>,流动资产,
220103013,2018年10月1日，A公司购入B公司股票50000股，每股买价8元，划分为交易性金融资产。支付价款中包含已宣告但尚未发放的现金股利每股1元。另支付相关交易费用4000元。10月5日收到B公司发放的现金股利。12月3日，出售持有的B公司股票50000股，价款为每股11元。已知金融商品转让的增值税税率为6％，则应交增值税为{{c1::}}元。,33000<br>||8490.57<br>||11320.75<br>||31132.08<br>,2,参考解析：转让金融商品应交增值税＝（50000×11－50000×8）/（1＋6％）×6％＝8490.57（元）。<br>,流动资产,
220103014,2019年12月10日，某小企业购入A公司15万股股票作为短期投资，取得价款为90万元。2020年3月1日，A公司宣告发放现金股利3万元；3月15日收到A公司分派的现金股利。2020年6月30日，将该股票出售，股票的市价为每股6.5元。不考虑其他因素，2020年因该短期投资确认的投资收益为{{c1::}}万元。,7.5<br>||10.5<br>||4.5<br>||0<br>,2,参考解析：2019年12月10日：<br>借：短期投资90<br>贷：银行存款90<br>2020年3月1日：<br>借：应收股利3<br>贷：投资收益3<br>3月15日收到A公司分派的现金股利：<br>借：银行存款3<br>贷：应收股利3<br>2020年6月30日：<br>借：银行存款（6.5×15）97.5<br>贷：短期投资90<br>投资收益7.5<br>2020年因该短期投资确认的投资收益＝3＋7.5＝10.5（万元）。<br>,流动资产,
220103015,下列各项中，一般不计入存货成本的是{{c1::}}。,负担的运输费用<br>||支付的进口关税<br>||入库后的仓储费<br>||入库前整理挑选费<br>,3,参考解析：入库后的仓储费，一般应计入管理费用；若为生产过程中为达到下一个生产阶段所必需的仓储费用则应计入存货成本。<br>,流动资产,
220103016,某商业企业采用售价金额核算法计算期末存货成本。本月月初存货成本为30000元，售价总额为45000元；本月购入存货成本为150000元，相应的售价总额为180000元；本月销售收入为120000元。则该企业本月销售成本为{{c1::}}元。,98333<br>||60000<br>||96000<br>||36667<br>,3,参考解析：商品进销差价率＝（45000－30000＋180000－150000）/（45000＋180000）×100％＝20％，本月销售成本＝120000×（1－20％）＝96000（元）。<br>,流动资产,
220103017,A公司材料采用计划成本法核算。月初结存材料计划成本为200万元，材料成本差异为节约20万元，当月购入材料一批，实际成本为135万元，计划成本为150万元，领用材料的计划成本为180万元。则领用材料的实际成本为{{c1::}}万元。,170<br>||162<br>||153<br>||187<br>,2,参考解析：材料成本差异率＝（月初材料成本差异＋本月购入材料的材料成本差异）/（月初材料计划成本＋本月购入材料计划成本）＝（－20－15）/（200＋150）×100％＝－10％，为节约差异。所以，领用材料实际成本＝180×（1－10％）＝162（万元）。<br>,流动资产,
220103018,某工业企业为增值税一般纳税人，适用的增值税税率为13％。采用月末一次加权平均法计算发出原材料的成本。2018年10月1日，甲材料结存200千克，每千克实际成本为200元，10月9日购入甲材料300千克，取得的增值税专用发票上注明的价款为65400元，增值税税额为8502元。材料入库前的挑选整理费为300元，材料已验收入库。10月25日发出甲材料400千克。则10月末甲材料的库存余额为{{c1::}}元。,21140<br>||25000<br>||21200<br>||29500<br>,1,参考解析：该材料的入账价值＝65400＋300＝65700（元），存货加权平均单价＝（200×200＋65700）/（200＋300）＝211.4（元）。月末库存材料的数量＝200＋300－400＝100（千克），所以甲材料的库存余额＝100×211.4＝21140（元）。<br>,流动资产,
220103019,A企业委托B企业（A、B企业均为增值税一般纳税人）加工应税消费品一批，发出材料成本为67.5万元，支付给B企业加工费4.5万元，由B企业代收代缴消费税8万元，材料已经加工完毕验收入库，收回后用于直接销售。该委托加工物资加工后的入库成本为{{c1::}}万元。,75<br>||72<br>||67.5<br>||80<br>,4,参考解析：委托加工物资收回后用于直接销售，由受托方代收代缴的消费税应计入委托加工物资成本。该委托加工物资加工后的入库成本＝67.5＋4.5＋8＝80（万元）。<br>,流动资产,
220103020,某企业采用先进先出法计算发出材料的成本。2020年3月1日结存A材料100吨，每吨实际成本为400元；4月4日和5月17日分别购进A材料300吨和400吨，每吨实际成本分别为350元和420元；4月10日和5月27日分别发出200吨A材料。则A材料5月末账面余额为{{c1::}}元。,30000<br>||25601<br>||178000<br>||168000<br>,4,参考解析：A材料的月末余额＝400×420＝168000（元）。<br>,流动资产,
220103021,某企业因自然灾害毁损材料一批，购进时支付价款16000元，增值税进项税额为2080元。应收保险公司赔款1500元，残料入库价值200元。不考虑其他因素，应计入营业外支出的金额为{{c1::}}元。,17020<br>||18620<br>||14300<br>||14400<br>,3,参考解析：自然灾害导致的存货盘亏，不需要将进项税额转出。本题分录为：<br>批准前：<br>借：待处理财产损溢16000<br>贷：原材料16000<br>批准后：<br>借：其他应收款1500<br>原材料200<br>营业外支出14300<br>贷：待处理财产损溢16000<br>故应记入“营业外支出”账户的金额＝16000－1500－200＝14300（元）。<br>,流动资产,
220103022,甲公司发出存货时采用先进先出法，2020年6月初库存商品M的账面余额为600万元，已提存货跌价准备60万元，本月购入M商品的成本为430万元，本月销售M商品结转成本500万元，期末结存存货的预计售价为520万元，预计销售税费为70万元，则当年年末应计提的存货跌价准备为{{c1::}}万元。,75<br>||71<br>||80<br>||70<br>,4,参考解析：①本月销售时应结转存货跌价准备的金额＝60×500/600＝50（万元）；②结转后存货跌价准备的余额＝60－50＝10（万元）；③期末存货的可变现净值＝520－70＝450（万元）；④期末存货的账面余额＝600＋430－500＝530（万元）；⑤期末存货跌价准备的应有余额＝530－450＝80（万元）；⑥期末存货应补提的跌价准备＝80－10＝70（万元）。<br>,流动资产,
220103023,下列关于低值易耗品的说法中，不正确的是{{c1::}}。,低值易耗品应通过“周转材料”科目核算<br>||低值易耗品符合存货定义和条件的，通常应当按照使用次数分次计入成本费用<br>||金额较小的低值易耗品，可在领用时一次性计入成本费用<br>||摊销低值易耗品的价值时，均应计入管理费用<br>,4,参考解析：摊销低值易耗品的价值时，应根据低值易耗品的具体用途确定应记入科目，如果是生产车间领用，一般应记入“制造费用”科目，如果是管理部门领用，一般应记入“管理费用”科目。<br>,流动资产,
220103024,A公司与B公司均为增值税一般纳税人，A公司委托B公司加工一批材料（属于应税消费品），收回后继续用于生产应税消费品，A公司发出原材料实际成本为100万元。加工完成后，A公司支付加工费20万元（不含增值税），并取得增值税专用发票，增值税税率为13％，消费税税率为10％。不考虑其他因素，A公司收回该批委托加工物资的入账价值为{{c1::}}万元。,116.85<br>||136.33<br>||120<br>||139.73<br>,3,参考解析：A公司为增值税一般纳税人并取得了增值税专用发票，因此增值税不应计入委托加工物资的成本；委托加工物资收回后继续用于生产应税消费品，所以消费税不应计入委托加工物资的成本。该批委托加工物资的入账价值＝100＋20＝120（万元）。<br>,流动资产,
220103025,某企业材料采用计划成本核算，月初结存材料计划成本为260万元，材料成本差异为节约60万元；当月购入材料一批，实际成本为150万元，计划成本为140万元，领用材料的计划成本为200万元。则当月结存材料的实际成本为{{c1::}}万元。,125<br>||200<br>||250<br>||175<br>,4,参考解析：材料成本差异率＝（－60＋10）/（260＋140）×100％＝－12.5％；当月领用材料的实际成本＝200×（1－12.5％）＝175（万元）；当月结存材料的实际成本＝260－60＋150－175＝175（万元）。<br>,流动资产,
220103026,某企业为增值税小规模纳税人，购入一批原材料。取得的增值税专用发票上注明的价款为100万元，增值税税额为13万元；另付运费1万元，取得的增值税专用发票上注明的增值税税额为0.09万元。不考虑其他因素，该批原材料入账成本为{{c1::}}万元。,114.09<br>||113<br>||114<br>||101<br>,1,参考解析：小规模纳税人核算增值税采用简化的方法，即购进货物、应税劳务或应税行为，取得增值税专用发票上注明的增值税，一律不予抵扣，直接计入相关成本费用或资产。则该批原材料入账价值＝100＋13＋1＋0.09＝114.09（万元）。<br>,流动资产,
220103027,某企业2018年12月31日存货的账面余额为20000元，预计可变现净值为19000元。2019年12月31日存货的账面余额仍为20000元，预计可变现净值为21000元。则2019年年末应转回的存货跌价准备为{{c1::}}元。,1000<br>||2000<br>||9000<br>||3000<br>,1,参考解析：当存货的账面余额低于其可变现净值时，只需将以前计提的存货跌价准备转回。<br>,流动资产,
220103028,某商品流通企业采用毛利率法计算发出存货成本。该企业2020年4月份实际毛利率为20％，本年度5月1日的存货成本为3000万元，5月份购入存货成本为2500万元，销售收入为3000万元，销售退回为500万元。则该企业5月末存货成本为{{c1::}}万元。,1300<br>||1900<br>||2110<br>||3500<br>,4,参考解析：5月销售毛利＝（3000－500）×20％＝500（万元）；5月销售成本＝（3000－500）－500＝2000（万元）；5月末存货成本＝3000＋2500－2000＝3500（万元）。<br>,流动资产,
220103029,下列关于小企业对存货的核算表述中，不正确的是{{c1::}}。,包装材料，应记入“原材料”科目<br>||用于存储而不对外销售的包装物，应记入“固定资产”或“原材料”科目<br>||盘盈存货，应冲减“管理费用”科目<br>||计划成本法下，可以在“周转材料”科目下设置“成本差异”明细来核算材料成本差异<br>,3,参考解析：选项C，应记入“营业外收入”科目。<br>,流动资产,
220103030,某企业采用托收承付结算方式销售一批商品，增值税专用发票上注明的价款为1000万元，增值税税额为130万元，销售商品为客户代垫运输费5万元，全部款项已办妥托收手续。则该企业应确认的应收账款为{{c1::}}万元。,1000<br>||1005<br>||1130<br>||1135<br>,4,参考解析：该企业应确认的应收账款＝1000＋130＋5＝1135（万元）。<br>,流动资产,
220103031,某企业为增值税小规模纳税人，本月购入甲材料2060千克，每千克单价50元（含增值税），另外支付运杂费3500元，运输途中发生合理损耗60千克，入库前发生挑选整理费620元。则该批材料的实际单位成本为{{c1::}}元。,50<br>||51.81<br>||52<br>||53.56<br>,4,参考解析：该批材料的实际单位成本＝（2060×50＋3500＋620）/（2060－60）＝53.56（元/千克）。<br>,流动资产,
220103032,某企业原材料按实际成本进行日常核算。2017年3月1日结存甲材料300千克，每千克实际成本为20元；3月15日购入甲材料280千克，每千克实际成本为25元；3月31日发出甲材料200千克（该批材料为3月15日购进的材料）。按个别计价法和先进先出法计算3月份发出甲材料的实际成本的差额为{{c1::}}元。,400<br>||500<br>||1000<br>||1400<br>,3,参考解析：个别计价法：发出材料的成本＝200×25（3月15日购入材料的单位成本）＝5000（元）；先进先出法：发出材料的成本＝200×20（3月1日结存材料的单位成本）＝4000(元)；两种方法下计算出的发出材料的实际成本的差额＝5000－4000＝1000（元）。<br>,流动资产,
220103033,5月1日，A公司甲材料结存300千克，单价2万元；5月6日发出100千克；5月10日购进200千克，单价2.2万元；5月15日发出200千克。企业采用移动加权平均法计算发出存货成本，则5月15日结存材料的成本为{{c1::}}万元。,400<br>||416<br>||420<br>||440<br>,3,参考解析：5月10日的材料平均单位成本＝（300×2－100×2＋200×2.2）/（300－100＋200）＝2.1（万元）；5月15日结存材料的成本＝（300－100＋200－200）×2.1＝420（万元）。<br>,流动资产,
220103034,企业销售产品领用不单独计价的包装物一批，其计划成本为10000元，材料成本差异率为3％。对于该项业务，下列处理中正确的是{{c1::}}。,应计入其他业务成本的金额为10300元<br>||应计入其他业务成本的金额为10000元<br>||应计入销售费用的金额为10000元<br>||应计入销售费用的金额为10300元<br>,4,参考解析：企业销售商品领用的不单独计价的包装物，应按实际成本计入销售费用，因此，计入销售费用的金额＝10000＋10000×3％＝10300（元）。<br>,流动资产,
220103035,2021年6月5日，甲公司委托某量具厂加工一批量具，发出材料的计划成本为80000元，材料成本差异率为5％，以银行存款支付运杂费2000元，6月25日以银行存款支付上述量具的加工费20000元，6月30日收回委托加工的量具，并以银行存款支付运杂费3000元。假定不考虑其他因素，甲公司收回该批量具的实际成本为{{c1::}}元。,102000<br>||105000<br>||103000<br>||109000<br>,4,参考解析：实际成本＝耗用材料的实际成本＋运杂费＋加工费＝（80000＋80000×5％）＋2000＋20000＋3000＝109000（元）。<br>,流动资产,
220103036,某企业原材料采用实际成本核算，2021年6月29日该企业对存货进行全面清查。发现短缺原材料一批，账面成本12000元，已计提存货跌价准备2000元。经确认，应由保险公司赔款4000元，由过失人员赔款3000元，假定不考虑相关税费等其他因素，该项存货清查业务应确认的净损失为{{c1::}}元。,3000<br>||5000<br>||6000<br>||8000<br>,1,参考解析：盘亏存货的净损失是盘亏存货的账面价值扣除应收赔偿款后的净额。所以，净损失＝12000－2000－4000－3000＝3000（元）。<br>,流动资产,
220103037,关于企业的现金管理，下列说法中正确的有{{c1::}}。,向个人收购农副产品或其他物资，超过30000元，就不能使用现金<br>||单位留存现金的最高数额为10000元<br>||出差人员必须随身携带的差旅费可以用现金支付<br>||1000元以下的办公用品购置费可以用现金支付<br>,3||4,参考解析：选项A，向个人收购农副产品和其他物资的价款可以用现金支付，没有金额限制；选项B，单位留存现金的限额是由开户银行根据单位实际需要核定的，一般按照单位3～5天日常零星开支所需确定。<br>,流动资产,
220103038,对于现金短缺，企业在进行会计处理时，可能涉及的科目有{{c1::}}。,管理费用<br>||其他应收款<br>||待处理财产损溢<br>||应收账款<br>,1||2||3,参考解析：现金短缺时的会计分录如下：<br>借：待处理财产损溢<br>贷：库存现金<br>借：其他应收款<br>管理费用<br>贷：待处理财产损溢<br>,流动资产,
220103039,下列各项中，属于企业金融资产的有{{c1::}}。,应收票据<br>||应收账款<br>||债券投资<br>||库存现金<br>,1||2||3||4,参考解析：<br>,流动资产,
220103040,下列各种情形中，小企业应对应收账款确认坏账损失的有{{c1::}}。,债务人依法宣告破产，其清算财产不足清偿的<br>||债务人逾期3年以上未清偿，且有确凿证据证明已无力清偿债务的<br>||因自然灾害导致应收账款无法收回的<br>||与债务人达成债务重组协议后，无法追偿的<br>,1||2||3||4,参考解析：小企业满足下列条件之一的，应对应收款项确认坏账损失：<br>①债务人依法宣告破产、关闭、解散、被撤销，或者被依法注销、吊销营业执照，其清算财产不足清偿的；<br>②债务人死亡，或者依法被宣告失踪、死亡，其财产或者遗产不足清偿的；<br>③债务人逾期3年以上未清偿，且有确凿证据证明已无力清偿债务的；<br>④与债务人达成债务重组协议或法院批准破产重整计划后，无法追偿的；<br>⑤因自然灾害、战争等不可抗力导致无法收回的；<br>⑥国务院财政、税务主管部门规定的其他条件。<br>,流动资产,
220103041,下列关于备抵法核算信用减值损失优缺点的表述中，正确的有{{c1::}}。,不符合权责发生制原则<br>||符合谨慎性会计信息质量要求<br>||计算的预期信用减值损失的金额不准确<br>||企业存在操纵利润的空间<br>,2||3||4,参考解析：选项A，备抵法符合权责发生制原则。<br>,流动资产,
220103042,关于存货清查，下列表述中正确的有{{c1::}}。,盘盈存货应计入营业外收入<br>||存货盘盈或盘亏均应通过“待处理财产损溢”科目核算<br>||管理不善造成存货盘亏的净损失应计入管理费用<br>||自然灾害造成存货盘亏的净损失应计入营业外支出<br>,2||3||4,参考解析：选项A，盘盈存货应冲减管理费用。<br>,流动资产,
220103043,下列关于包装物的处理中，应记入“其他业务成本”的有{{c1::}}。,出借包装物成本的摊销<br>||出租包装物成本的摊销<br>||随同产品出售单独计价的包装物成本<br>||随同产品出售不单独计价的包装物成本<br>,2||3,参考解析：选项AD，应记入“销售费用”科目。<br>,流动资产,
220103044,下列各项中，企业应计入存货成本的有{{c1::}}。,为特定客户设计产品发生的可直接确定的设计费用<br>||发出委托加工材料负担的运输费用<br>||自制存货发生的直接材料、直接人工和制造费用<br>||购进原材料运输途中发生的合理损耗<br>,1||2||3||4,参考解析：<br>,流动资产,
220103045,下列各项中，关于原材料按计划成本核算的会计处理表述正确的有{{c1::}}。,入库材料的超支差异应借记“材料成本差异”科目<br>||发出材料应负担的节约差异应借记“材料成本差异”科目<br>||发出材料应负担的超支差异应贷记“材料成本差异”科目<br>||入库材料的节约差异应借记“材料成本差异”科目<br>,1||2||3,参考解析：选项D，入库材料的节约差异应记入“材料成本差异”科目的贷方。<br>,流动资产,
220103046,下列各项中，会引起交易性金融资产账面价值发生变化的有{{c1::}}。,期末交易性金融资产的账面价值与公允价值不同<br>||出售交易性金融资产<br>||确认作为交易性金融资产核算的债券的利息收入<br>||被投资单位宣告分配现金股利<br>,1||2,参考解析：选项A，由于交易性金融资产是以公允价值计量的，期末应按照账面价值和公允价值的差额调增或调减交易性金融资产的账面价值；选项B，使得交易性金融资产账面价值减少；选项C，应借记“应收利息”科目，贷记“投资收益”科目，不影响交易性金融资产的账面价值；选项D，应借记“应收股利”科目，贷记“投资收益”科目，不影响交易性金融资产的账面价值。<br>,流动资产,
220103047,下列关于消耗性生物资产的成本表述中，正确的有{{c1::}}。,收获前耗用的材料费（种子、肥料等）、人工费和应分摊的间接费用应计入自行栽培的 蔬菜成本<br>||郁闭前发生的造林费、抚育费、调查设计费用等以及应分摊的间接费用应计入自行营造 的林木类成本<br>||出售前发生的饲料费、人工费和应分摊的间接费用应计入自行繁殖的育肥畜的成本<br>||水产类养殖动物在入库前耗用的苗种、饲料、人工费和应分摊的间接费用应计入当期损益<br>,1||2||3,参考解析：选项D，水产养殖的动物成本包括出售或入库前耗用的苗种、饲料等材料费、人工费和应分摊的间接费用。<br>,流动资产,
220103048,下列与存货相关的会计处理的表述中，正确的有{{c1::}}。,因台风造成的净损失，计入营业外支出<br>||资产负债表日存货应按成本与可变现净值孰低计量<br>||按管理权限报经批准的存货的盘盈，应冲减管理费用<br>||结转商品销售成本的同时应结转其已计提的存货跌价准备<br>,1||2||3||4,参考解析：<br>,流动资产,
220103049,企业的各项应收款项，都存在发生坏账损失的风险。因此，按现行制度规定都可以提取一定比例的坏账准备。{{c1::}},对<br>||错<br>,1,参考解析：<br>,流动资产,
220103050,交易性金融资产期末采用公允价值计量，不计提减值准备。{{c1::}},对<br>||错<br>,1,参考解析：<br>,流动资产,
220103051,已验收入库但至月末尚未收到增值税扣税凭证的赊购货物，应按合同协议价格计算增值税进项税额并暂估入账。{{c1::}},对<br>||错<br>,2,参考解析：对于材料已到达并已验收入库，但发票账单等结算凭证未到，货款尚未支付的采购业务，应于期末按材料的暂估价值，借记“原材料”科目，贷记“应付账款——暂估应付账款”科目，但增值税进项税额不能暂估入账。<br>,流动资产,
220103052,企业附有向其他方交付现金或其他金融资产的合同义务的，应确认一项金融资产。{{c1::}},对<br>||错<br>,2,参考解析：金融资产是从其他方收取现金或其他金融资产的合同权利，本题产生的是义务，所以不会形成金融资产。<br>,流动资产,
220103053,小企业可以根据自身情况，自行选择备抵法或直接转销法核算应收款项的减值。{{c1::}},对<br>||错<br>,2,参考解析：小企业应采用直接转销法核算应收款项的减值。<br>,流动资产,
220103054,不含重大融资成分的应收款项，企业应当始终按照相当于整个存续期内预期信用损失的金额计量其损失准备。{{c1::}},对<br>||错<br>,1,参考解析：<br>,流动资产,
220103055,年末，如果“应交税费——转让金融商品应交增值税”科目有借方余额，说明本年度的金融商品转让损失无法弥补，可以转入下年度继续抵减转让金融资产的收益。{{c1::}},对<br>||错<br>,2,参考解析：年末，如果“应交税费——转让金融商品应交增值税”科目有借方余额，说明本年度的金融商品转让损失无法弥补，不能转入下年度继续抵减转让金融资产的收益，应将借方余额转出。<br>,流动资产,
220103056,采用移动加权平均法可以在月度内随时结转发出存货的成本。{{c1::}},对<br>||错<br>,1,参考解析：采用月末一次加权平均法，只在月末一次计算加权平均单价和发出存货成本，并不能随时通过账簿记录得到发出和结存材料的单价和金额。而移动加权平均法可以在月度内随时结转发出存货的成本。<br>,流动资产,
220103057,低值易耗品在摊销完毕时，“周转材料——低值易耗品”的相关明细科目的余额应为0。{{c1::}},对<br>||错<br>,1,参考解析：<br>,流动资产,
220103058,原材料采用计划成本法核算的，购入的材料无论是否验收入库，均需先通过“材料采购”科目进行核算。{{c1::}},对<br>||错<br>,1,参考解析：在计划成本法下，购入的材料无论是否验收入库，都要先通过“材料采购”科目进行核算，以反映企业所购材料的实际成本。<br>,流动资产,
220103059,资产负债表日，对于为生产而持有的材料，不论其生产的产成品的可变现净值是否高于成本，都应将该材料的可变现净值与成本进行比较，确定材料是否发生减值。{{c1::}},对<br>||错<br>,2,参考解析：判断用于生产产品的材料是否发生减值时，应先确定用该原材料生产的最终产品是否发生减值。如果产品未发生减值，则即使材料的账面价值（成本）已高于市场价格，也不应计提存货跌价准备。<br>,流动资产,
220103060,小企业在采购商品过程中发生的进货费用，应先进行归集，等期末在已售商品和未售商品之间分摊。{{c1::}},对<br>||错<br>,2,参考解析：小企业的进货费用，应计入销售费用。<br>,流动资产,
220103061,对于商业承兑汇票贴现，应将实际收到的金额与票面金额的差额，借记或贷记“管理费用”。{{c1::}},对<br>||错<br>,2,参考解析：对于票据贴现，企业通常应按实际收到的金额，借记“银行存款”科目，按应收票据的票面金额，贷记“应收票据”科目，按其差额，记入“财务费用”科目。<br>,流动资产,
220103062,企业由于预付款业务不多，不单独设置“预付账款”科目，对于预付的款项应通过“应付账款”科目核算。{{c1::}},对<br>||错<br>,1,参考解析：不单独设置“预付账款”科目的企业，预付的款项可以通过“应付账款”科目核算。<br>,流动资产,
220103063,如果企业采用先进先出法核算发出存货成本，则在物价持续上升时会高估企业当期利润。{{c1::}},对<br>||错<br>,1,参考解析：在物价持续上升时，采用先进先出法核算发出存货的成本，会高估企业当期利润和库存存货价值；反之，会低估企业存货价值和当期利润。<br>,流动资产,
220103064,资产负债表日，当存货成本低于可变现净值时，存货按成本计价，当可变现净值低于成本时，存货按可变现净值计价。{{c1::}},对<br>||错<br>,1,参考解析：期末，存货应按照成本与可变现净值孰低计量。<br>,流动资产,
220103065,消耗性生物资产收获为农产品时，应按其账面余额，借记“农产品”科目，贷记“消耗性生物资产”科目。{{c1::}},对<br>||错<br>,1,参考解析：<br>,流动资产,
220103066,出售消耗性生物资产，按照实际收到的价款与其账面余额的差额计入投资收益。{{c1::}},对<br>||错<br>,2,参考解析：出售时，会计处理为：<br>借：银行存款等（实际收到的价款）<br>贷：主营业务收入等<br>借：主营业务成本等（账面余额）<br>贷：消耗性生物资产<br>,流动资产,
