{
  "main": {
    "id": "a1a1c2d8ab526b75",
    "type": "split",
    "children": [
      {
        "id": "9d4b02a8e0884b35",
        "type": "tabs",
        "dimension": 54.44162436548223,
        "children": [
          {
            "id": "382b129fa2c2751f",
            "type": "leaf",
            "state": {
              "type": "markdown",
              "state": {
                "file": "经济法/7.税收征管法律制度/4.税务检查/1.税务机关在税务检查中的职权和职责.md",
                "mode": "source",
                "source": true
              }
            },
            "group": "bd3d92cd69df45d7"
          }
        ]
      },
      {
        "id": "9634a7ae92fa7579",
        "type": "tabs",
        "dimension": 45.55837563451777,
        "children": [
          {
            "id": "a9484d86c4b39e88",
            "type": "leaf",
            "state": {
              "type": "markdown",
              "state": {
                "file": "经济法/7.税收征管法律制度/4.税务检查/1.税务机关在税务检查中的职权和职责.md",
                "mode": "preview",
                "source": true
              }
            },
            "group": "bd3d92cd69df45d7"
          }
        ]
      }
    ],
    "direction": "vertical"
  },
  "left": {
    "id": "c0b96dd599851dad",
    "type": "split",
    "children": [
      {
        "id": "3503e3916884f934",
        "type": "tabs",
        "children": [
          {
            "id": "7fe9d94c5c3f1f00",
            "type": "leaf",
            "state": {
              "type": "file-explorer",
              "state": {
                "sortOrder": "alphabetical"
              }
            }
          },
          {
            "id": "421002dc763e8857",
            "type": "leaf",
            "state": {
              "type": "search",
              "state": {
                "query": "",
                "matchingCase": false,
                "explainSearch": false,
                "collapseAll": false,
                "extraContext": false,
                "sortOrder": "alphabetical"
              }
            }
          },
          {
            "id": "8fb4c7ef448bbc0c",
            "type": "leaf",
            "state": {
              "type": "starred",
              "state": {}
            }
          }
        ]
      }
    ],
    "direction": "horizontal",
    "width": 300
  },
  "right": {
    "id": "dbed1a57d9231cf5",
    "type": "split",
    "children": [
      {
        "id": "5bc841aaa3f1e08d",
        "type": "tabs",
        "children": [
          {
            "id": "79dc1afc1f6bd489",
            "type": "leaf",
            "state": {
              "type": "backlink",
              "state": {
                "file": "经济法/7.税收征管法律制度/4.税务检查/1.税务机关在税务检查中的职权和职责.md",
                "collapseAll": false,
                "extraContext": false,
                "sortOrder": "alphabetical",
                "showSearch": false,
                "searchQuery": "",
                "backlinkCollapsed": false,
                "unlinkedCollapsed": true
              }
            }
          },
          {
            "id": "75a583edc59c3f20",
            "type": "leaf",
            "state": {
              "type": "outgoing-link",
              "state": {
                "file": "经济法/7.税收征管法律制度/4.税务检查/1.税务机关在税务检查中的职权和职责.md",
                "linksCollapsed": false,
                "unlinkedCollapsed": true
              }
            }
          },
          {
            "id": "e4fc533188ae236a",
            "type": "leaf",
            "state": {
              "type": "tag",
              "state": {
                "sortOrder": "frequency",
                "useHierarchy": true
              }
            }
          },
          {
            "id": "b5bb300121fc531b",
            "type": "leaf",
            "state": {
              "type": "outline",
              "state": {
                "file": "经济法/7.税收征管法律制度/4.税务检查/1.税务机关在税务检查中的职权和职责.md"
              }
            }
          }
        ]
      }
    ],
    "direction": "horizontal",
    "width": 300,
    "collapsed": true
  },
  "active": "7fe9d94c5c3f1f00",
  "lastOpenFiles": [
    "经济法/7.税收征管法律制度/4.税务检查/2.纳税信用管理.md",
    "经济法/7.税收征管法律制度/4.税务检查/3.税收违法行为的检举管理.md",
    "经济法/7.税收征管法律制度/4.税务检查/4.重大税收违法失信案件公布.md",
    "经济法/7.税收征管法律制度/5.税务行政复议/税务行政复议.md",
    "经济法/7.税收征管法律制度/6.税收法律责任/税收法律责任.md",
    "经济法/7.税收征管法律制度/4.税务检查/1.税务机关在税务检查中的职权和职责.md",
    "经济法/7.税收征管法律制度/3.税款征收/2.税款征收保障措施.md",
    "经济法/7.税收征管法律制度/5.税务行政复议/未命名 1.md",
    "经济法/7.税收征管法律制度/5.税务行政复议/未命名 2.md",
    "经济法/7.税收征管法律制度/3.税款征收/1.税款征收方式.md"
  ]
}